Dealer_ID,Model,Sales_in_thousands,Year,Price,Mileage
Unknown,,140.8244896533665,,27198.549690218668,19.677774866038288
Hyundai,Model_15,412.4141271212226,2022.0,31316.220322270856,17.681289151747443
Honda,Model_20,223.70759741851865,2021.0,43147.82051329507,13.194830871500796
Unknown,,161.28924835326802,,21249.282049186662,15.795957062160252
Kia,Model_20,440.1967932781892,2021.0,17996.62290495714,11.36437280430446
Honda,Model_7,125.77529480030292,2019.0,27652.518153791585,10.441557116229989
Hyundai,Model_13,137.17698418379007,2018.0,19168.098167165503,21.108328858319503
Mazda,Model_4,368.3497580841794,2018.0,32559.64910691968,18.622041185838818
Unknown,,176.01794546716064,,23689.69139660262,12.603241369768272
Mazda,Model_16,66.56434180381136,2021.0,44280.70135896629,24.15390136343388
Ford,Model_10,171.87485896288842,2021.0,51860.338522679136,24.31153610924587
Chevrolet,Model_1,372.0353903786869,2020.0,31089.874783815347,29.60004530874959
Ford,Model_9,247.29756386476416,2019.0,41067.28370369991,15.558819483533604
Kia,Model_18,482.68978211460353,2018.0,34128.70437307492,19.632670922850387
Mazda,Model_20,448.1677912270047,2019.0,18109.81593137364,19.752871612547484
Hyundai,Model_4,249.54078943172905,2021.0,60234.05054481839,9.021027312070938
Hyundai,Model_18,391.978906917628,2022.0,26744.197017113445,23.2373144678026
Unknown,,203.6553831003514,,15872.206278631253,19.209848228235888
Hyundai,Model_8,483.3613492331885,2021.0,54963.507586102896,13.818219675355316
BMW,Model_18,57.37238731188985,2022.0,51471.06077110503,10.271574596172677
Tesla,Model_11,298.11327559069434,2021.0,30205.121463893895,9.33166247675021
Hyundai,Model_6,316.29083685140097,2020.0,16310.883078617962,30.17980425411594
Unknown,,69.02784179526107,,27880.89305126056,13.585227934588175
BMW,Model_16,420.6172906074416,2022.0,43904.66938876446,15.802460906176844
Unknown,,188.1664859978214,,18564.91685482201,15.245660302032483
Unknown,,101.74144866152945,,25013.173156137156,16.725403981408494
Ford,Model_7,87.02109507680375,2020.0,53024.22199519462,23.657192543788288
Hyundai,Model_12,530.1203179950182,2022.0,56703.47430290321,23.412316900022848
Hyundai,Model_9,508.7965645480249,2020.0,31387.649400834056,11.713856165907636
Chevrolet,Model_11,281.5994133596413,2019.0,26527.651356412,27.02437867315029
Hyundai,Model_11,70.27326432476757,2021.0,38358.92003670885,11.201053138394435
BMW,Model_12,128.40073281441275,2019.0,35999.96064656173,23.44827842284204
Nissan,Model_15,349.0465365605596,2019.0,40179.99428803422,13.27586013497127
Unknown,,160.8719339551389,,17651.438876987733,19.37818634980077
Unknown,,62.90911839450591,,26612.03641140588,15.448512886651072
Unknown,,98.11202944266196,,22129.57053797452,12.435602862766403
Hyundai,Model_19,173.40526589700124,2020.0,41813.778752063416,14.257752103481597
Tesla,Model_1,367.2376704583463,2018.0,38745.43977134962,25.308554606280488
Tesla,Model_5,326.4292244115768,2021.0,54674.25274569094,26.025000626785918
Toyota,Model_9,255.0636448065417,2020.0,26918.6940215534,9.99402925164766
Unknown,,159.90089093907986,,18394.847944582863,17.042778097826776
Unknown,,180.150249953641,,17806.06194029027,10.07311612372463
Unknown,,73.20727265423547,,21313.229303908614,13.064021274922252
Tesla,Model_13,191.83888522022303,2021.0,58051.72386186748,26.265526966511263
Hyundai,Model_10,90.49411439645516,2020.0,28675.056070613104,18.28060343598176
Hyundai,Model_15,45.90894505081277,2020.0,22904.00920137358,31.45837658758894
Chevrolet,Model_1,72.66613764673949,2020.0,27396.57649466691,27.657142374370984
Tesla,Model_2,261.0098588531778,2019.0,26173.191084361097,16.103294792134992
Hyundai,Model_8,314.3985637525642,2020.0,27219.614027931308,28.872755042376177
Unknown,,85.20864871495132,,24869.88109318245,12.03376882072988
Mazda,Model_16,210.8262608080441,2020.0,33641.484458736966,17.970469392338483
Unknown,,153.56074744469106,,24432.598393025808,9.919622132067635
Unknown,,97.5090396428744,,14462.714440541891,10.970702421155098
Honda,Model_6,456.91706806680935,2020.0,32422.05610509149,24.813672912016315
Toyota,Model_20,149.04297454320618,2022.0,51662.89137768745,12.363412826244858
Chevrolet,Model_18,109.99917810822112,2019.0,30122.62011102388,19.01892368596752
Unknown,,141.07489866417902,,28349.132964279983,16.73836935006802
Honda,Model_8,318.5975275222257,2021.0,21501.28373345464,21.069626626423428
Hyundai,Model_16,478.9836134677912,2021.0,31793.6231142488,20.3840219299995
Unknown,,178.29375221922336,,26759.69806375561,12.63971673704865
Nissan,Model_8,194.38883746869155,2022.0,30871.158890375187,29.27085146562025
Kia,Model_10,260.1474329753634,2021.0,35442.00583473695,28.67550892305437
Hyundai,Model_20,436.4490769581775,2020.0,23863.948408328808,18.21626320506197
Unknown,,94.74734272842576,,31027.942797598764,9.49323867415184
Unknown,,84.48642190877976,,24375.15820519881,9.936204595868324
Hyundai,Model_16,433.0580830187305,2021.0,47357.36223949548,24.69444573365198
Kia,Model_13,465.3272756728408,2022.0,18732.921198963697,12.391662752400592
Unknown,,45.652378271557794,,25756.370721022864,11.071589619130409
Unknown,,141.32776026808307,,20216.788857700223,17.789708556839955
Honda,Model_8,388.47739548022633,2019.0,16051.422111588086,17.22828565611476
Unknown,,183.180924789228,,18918.23360944755,17.68457981282562
Nissan,Model_10,222.3684665741098,2021.0,20207.347612603822,28.471105926986134
Ford,Model_18,382.032871974306,2022.0,20879.553383985854,27.64709777129536
Unknown,,155.38311819804872,,25009.737647247865,10.431770647144148
Unknown,,103.63407903754876,,24599.141607483085,13.895385726270153
Unknown,,168.25166086162326,,20443.43419310132,16.751238127277013
Tesla,Model_19,254.640216648006,2020.0,33778.83626843024,14.638001675133008
Nissan,Model_20,154.66541674704845,2021.0,23218.58850652276,28.7475581656092
Unknown,,70.05287204096015,,16623.075182878394,10.46009865479994
Mazda,Model_18,237.02585896909503,2022.0,38693.68899082328,14.340810989072464
Unknown,,97.56387089399568,,19858.12009488233,17.36624015602546
Hyundai,Model_10,121.41043979736412,2022.0,51374.52490190797,17.399466588195814
Tesla,Model_16,322.6771254188261,2022.0,22434.9330228867,26.7237620814268
Unknown,,79.41581597595838,,24399.782450304967,16.345046532079486
Hyundai,Model_10,221.08099897238293,2021.0,33854.95400200169,13.70143084853616
Chevrolet,Model_7,164.2177758177042,2020.0,40620.466655320895,16.993800858088235
Toyota,Model_3,403.2784547175827,2020.0,40465.20415324235,19.153033149255407
Hyundai,Model_20,376.769821211479,2021.0,45946.20284071897,21.404979932100037
Unknown,,151.50935494060673,,18261.352711532087,9.389322531300492
Toyota,Model_19,453.1916209160234,2019.0,54310.26495256965,12.190896014260636
Toyota,Model_7,251.58803348664787,2021.0,45398.11126679284,16.857909666355724
Unknown,,164.84029596334918,,18401.04088510288,10.39907667116892
Chevrolet,Model_20,420.2359681205677,2022.0,37409.083698703056,13.109776920327567
Hyundai,Model_16,157.54794771717422,2019.0,45512.599995701086,18.872273389811436
Unknown,,77.18821931557684,,23590.911288702944,15.624804267209845
Unknown,,162.5702700922568,,21365.72532038253,9.23528731048684
Kia,Model_19,472.2326709309538,2018.0,22648.734286428677,21.120446937422425
Unknown,,143.10005870079473,,18127.777947842096,19.78008687048264
Hyundai,Model_6,61.15064729917181,2022.0,52000.06460477167,30.79128704725619
Unknown,,146.08642132901946,,25724.204020207984,19.6697592726895
Unknown,,163.02432408990288,,20119.688570737137,11.31086507979999
Unknown,,53.90619556643195,,21329.232440053893,12.497001308646423
Unknown,,98.19585068225376,,30774.84053352886,17.393179450061087
Ford,Model_2,355.09917807904355,2021.0,40893.31827352024,14.858351612054452
Unknown,,97.7365010743144,,18036.713288294577,13.59707477712628
Unknown,,192.7064142283849,,29755.30072348121,18.939761314444723
Unknown,,200.74367148937367,,24389.61168391941,17.44340137317883
Kia,Model_1,184.9969969103204,2021.0,58763.05274626237,28.696846458756927
Tesla,Model_6,175.48930096409492,2019.0,27015.73132759558,24.79054759804345
Unknown,,146.64071299051054,,25478.069813825165,18.70216850398552
Unknown,,98.11921686649916,,18632.940403940596,18.391354757751344
Toyota,Model_14,439.1113119538637,2022.0,60443.66639400284,28.069171185122304
Toyota,Model_16,448.3581868897155,2019.0,26545.29140022225,22.19407971522828
Honda,Model_11,417.2203130945531,2021.0,21287.2735108557,21.1781828744554
Unknown,,124.44010497449062,,27017.571098547443,12.702456824805113
Unknown,,106.73108704156796,,16578.858416155705,14.81957938202273
Chevrolet,Model_16,267.8701437222709,2020.0,21311.89332464584,22.00942060971672
Chevrolet,Model_5,192.9709240648873,2020.0,38028.75242650708,27.352958056602876
Unknown,,99.84772392287948,,27623.237882384336,15.17921755048492
Nissan,Model_17,263.66387688999424,2021.0,18700.775591776302,16.170017611151103
Mazda,Model_3,460.3986425945991,2019.0,37435.20704848411,21.28953931818106
Unknown,,128.96415747250143,,19112.88385551179,20.0476548852932
Ford,Model_5,397.4691175904226,2021.0,54960.98413050121,27.0383186077324
Unknown,,69.47865381958725,,26101.90568792885,12.677788077278535
Unknown,,56.38105315608913,,21887.309090397164,10.98048770512762
Mazda,Model_17,217.7686744430994,2018.0,24668.61965694106,28.00632069748727
Tesla,Model_4,125.72230243478104,2020.0,59322.593180116965,17.799877305680443
Kia,Model_8,55.91529833751621,2019.0,54142.647763862966,13.963787766072064
Hyundai,Model_20,356.23224140731804,2019.0,28721.31333126504,13.826554210595052
Ford,Model_12,253.477458848576,2020.0,61290.48075889396,12.187345298440986
Unknown,,66.63616485878815,,25881.183219470684,14.357424801785008
Unknown,,71.5355998225417,,20202.13881924602,15.788384896050808
Unknown,,96.3655933550271,,27217.850449809623,13.809405448547633
Unknown,,61.759100625023535,,24314.16944158617,9.94611481307032
Unknown,,69.19415072356398,,23674.40034155477,10.453184468750951
Unknown,,200.5545756022371,,14036.892940018328,19.49982104968755
Unknown,,138.97863285406928,,22887.61023605913,17.156274089435364
BMW,Model_15,381.7621976289436,2022.0,19133.58627514183,13.590331137875364
Mazda,Model_9,294.66497931757795,2019.0,49566.118135801626,20.696023508337863
Unknown,,72.9656964991435,,28974.697301527118,20.957997384618267
Unknown,,152.3572053265502,,20182.162967349523,10.197106004860204
Unknown,,111.67707046239292,,23392.456765254898,18.373158987463157
Chevrolet,Model_10,470.1123644439625,2019.0,18469.05563580339,16.40136434546376
Tesla,Model_10,325.84297445207994,2021.0,43417.49611446844,22.79888861755912
Unknown,,130.24073159033065,,31510.97509694501,11.726238513343574
Unknown,,73.44912989912088,,21605.50288780318,16.90043375634568
Kia,Model_8,161.17799411215077,2020.0,35755.125822201866,25.05605403625716
Chevrolet,Model_10,277.58109479421967,2022.0,36552.05964244884,14.105039732792209
Unknown,,107.11576236973842,,21112.210265427675,12.904145078636802
Tesla,Model_18,436.8020961359682,2022.0,57374.72019187843,24.4254030102232
Hyundai,Model_6,223.58277927823207,2018.0,40767.01662584835,22.91857596695173
Ford,Model_11,238.39796773313864,2021.0,29754.53379488651,10.551541621829948
Unknown,,69.25614554397636,,28001.37270745681,15.23152529909526
Unknown,,186.47407088909245,,16900.578530053597,15.48312210346134
Unknown,,183.3037726187316,,19790.044500691816,12.686949181046836
Nissan,Model_2,259.4263824110727,2020.0,45401.24375881685,28.47493218014876
Unknown,,186.4946289750247,,19868.102510033004,10.856067071331031
Unknown,,179.7559941631378,,31834.452973858824,13.061237795578547
Unknown,,134.17053222552568,,20913.72000432734,16.984399895500655
Toyota,Model_9,419.5559607216346,2019.0,60530.15613987206,17.984094690750503
Hyundai,Model_10,431.1076314679189,2021.0,57663.422037460674,20.79268454389705
Unknown,,176.16403193274914,,29828.902022254748,17.233708408150296
Unknown,,104.1787276854032,,18939.14407735915,15.82515428192552
Honda,Model_11,123.15664434950511,2018.0,45064.01836091574,29.077883018961995
Chevrolet,Model_7,63.84824016452689,2018.0,41919.59925030407,11.911088623875775
Ford,Model_18,110.77703828567356,2021.0,41401.95479116599,16.824161420900253
Chevrolet,Model_14,224.40649124302817,2021.0,50424.718731420864,12.53112507279946
Mazda,Model_8,484.2199233927996,2018.0,22456.449866071463,26.24449380069252
Nissan,Model_16,106.50508183169136,2022.0,21623.53922719654,17.37133788661634
Unknown,,95.89897672193824,,19288.42269907743,18.89301843256102
Unknown,,144.1795917960283,,17566.950037401388,17.363700569897333
Unknown,,51.85758838055572,,27944.53487223023,13.485988600474188
Unknown,,88.96694775949004,,16034.046453196694,21.193638750796108
Unknown,,210.51376011202865,,20393.69504270825,12.902653423962803
Unknown,,177.9306387460236,,17682.902973095257,16.87950832721034
Kia,Model_15,262.4495783639632,2021.0,20522.37220206297,15.879347076022428
Unknown,,164.35317969017828,,16242.14441691437,10.891439412332844
Unknown,,119.95579706491776,,21708.610184839603,20.126317380047126
Nissan,Model_2,238.69256324583543,2018.0,33658.35572519798,22.53664207185466
Unknown,,121.50775838550425,,20841.426296245623,16.624263739909324
Kia,Model_10,440.63105870645103,2021.0,40630.60277712672,24.607545501166157
Chevrolet,Model_3,219.9358582216012,2022.0,56067.52177913253,29.44071185143781
Unknown,,182.89059407811536,,19369.76972106968,18.020211812674425
BMW,Model_10,431.9604382701749,2019.0,53696.27190284407,14.408296498128198
Unknown,,131.17652135943342,,32172.52336923765,19.77025155141893
Hyundai,Model_15,401.2722167479063,2022.0,33398.03215391225,18.90268873123453
Honda,Model_20,246.58079118289683,2021.0,43424.315513498914,11.821496305584969
Unknown,,169.5277581837496,,21760.404494727645,14.287214706555137
Kia,Model_20,408.5567569728917,2021.0,16055.235682127384,11.360896476594018
Honda,Model_7,135.7726581844425,2019.0,28932.68487976136,9.635028533812624
Hyundai,Model_13,119.81254182757183,2018.0,19304.345966281853,19.00023956671238
Mazda,Model_4,381.69398969304,2018.0,34912.42618210131,19.63526819611205
Unknown,,182.479561242284,,25525.701538012232,12.44848812784691
Mazda,Model_16,62.77786632379033,2021.0,42343.32886397504,25.57849542637616
Ford,Model_10,148.343873516165,2021.0,49203.20444897361,25.38112894743164
Chevrolet,Model_1,380.1904270775052,2020.0,30748.83688928639,28.175115293437035
Ford,Model_9,244.71783501338237,2019.0,42905.06235166844,16.41400326661626
Kia,Model_18,510.3657936918,2018.0,30392.208196691143,20.527522263556207
Mazda,Model_20,468.6982514732194,2019.0,20476.6341115673,18.99188581893638
Hyundai,Model_4,240.9195894665361,2021.0,61618.24730085017,10.83493116963064
Hyundai,Model_18,366.641267145937,2022.0,23644.50003164965,20.611915069205228
Unknown,,195.26949583514536,,14527.091844657069,19.622846150529877
Hyundai,Model_8,421.149137854927,2021.0,59454.379292440295,13.698408360265004
BMW,Model_18,62.11204076598491,2022.0,53118.96059956891,11.109084627746569
Tesla,Model_11,320.7681103749099,2021.0,28290.85937066334,10.24798736903708
Hyundai,Model_6,344.04668182724964,2020.0,17806.37933826339,26.71816088496069
Unknown,,67.36085271657454,,26209.917676971483,15.232037205414994
BMW,Model_16,386.18361639638925,2022.0,40587.50158619311,15.265846374899684
Unknown,,194.5234293315284,,17991.202696440345,13.258740884473514
Unknown,,98.01890622656126,,22467.496856009475,15.928509036261389
Ford,Model_7,84.66894987762801,2020.0,51476.77504015349,19.900070702537374
Hyundai,Model_12,448.0597769218269,2022.0,53708.365420926166,21.026097554147125
Hyundai,Model_9,495.56977687002586,2020.0,26693.6948948238,11.70027372691612
Chevrolet,Model_11,260.5773761115814,2019.0,22033.279270420848,31.733517804393312
Hyundai,Model_11,77.06793982673378,2021.0,45591.77063153396,11.22081136036805
BMW,Model_12,131.38560845033342,2019.0,35840.561710755734,21.64084794836533
Nissan,Model_15,370.7799217720714,2019.0,39765.26298109933,15.037017273196277
Unknown,,152.38916126111246,,18126.52413598535,16.455541694079216
Unknown,,64.72076356603928,,23140.670224586145,15.01286809500919
Unknown,,94.06391146439329,,20440.988368041104,14.32988078767494
Hyundai,Model_19,154.4929417003422,2020.0,36325.83610595394,13.164271177483547
Tesla,Model_1,392.9820923279478,2018.0,38033.396413146125,25.9744641770734
Tesla,Model_5,355.4743422953748,2021.0,46200.469945382654,27.591216354252804
Toyota,Model_9,232.73917133066217,2020.0,23466.398950149796,9.34750683966137
Unknown,,143.52034754012382,,16989.93238745773,18.99088401023732
Unknown,,177.41095028837103,,19544.25927184283,9.458495164199604
Unknown,,76.75471148215698,,22699.120796704607,15.697625901099263
Tesla,Model_13,192.2107767318686,2021.0,57946.48960043345,28.517399329138097
Hyundai,Model_10,88.91779187384648,2020.0,26972.109724715847,16.34576234433263
Hyundai,Model_15,49.27468474764141,2020.0,23517.74919551763,29.881038784538216
Chevrolet,Model_1,70.93932232259924,2020.0,28910.48270281958,26.334956770656373
Tesla,Model_2,250.6652218752396,2019.0,23280.488807294907,13.662954147887785
Hyundai,Model_8,328.4325293912763,2020.0,26777.57334341212,27.617484347100504
Unknown,,78.22336271436168,,22182.337927837525,13.08795561194282
Mazda,Model_16,207.00371611993967,2020.0,39393.71490112349,17.211214800479205
Unknown,,167.21230967752732,,21092.67334094696,11.193330583759376
Unknown,,95.89261974941604,,14437.995784308405,9.317585679948298
Honda,Model_6,415.4775706347313,2020.0,32119.26852009023,23.82620758292312
Toyota,Model_20,144.01352453839365,2022.0,47438.13967965367,13.707480952095962
Chevrolet,Model_18,100.28952816983242,2019.0,33118.30840917722,19.11317392383057
Unknown,,127.7527472829606,,25171.17598978276,15.596580093111369
Honda,Model_8,323.9312967329774,2021.0,20286.44083328577,21.964407994484095
Hyundai,Model_16,461.3808806001849,2021.0,34488.909340372644,19.588223782797147
Unknown,,192.8665028103269,,28365.90818018348,13.685980189046893
Nissan,Model_8,179.0513533768453,2022.0,35867.96299431957,27.843881660614286
Kia,Model_10,312.82694199256355,2021.0,35529.79804141649,26.044311057418856
Hyundai,Model_20,421.1136460991846,2020.0,25162.063538390623,17.29285832124852
Unknown,,100.56336263567042,,30019.309276333024,9.484681451358076
Unknown,,97.84669662115802,,27763.619333182105,11.353196156440658
Hyundai,Model_16,439.2547045615773,2021.0,45581.35286728959,24.47260165036595
Kia,Model_13,470.0983002697463,2022.0,16326.68080704668,13.202204068856185
Unknown,,49.81087067764161,,26263.70242872718,10.06931943852475
Unknown,,146.37814740941704,,20017.88436356915,16.038235946791833
Honda,Model_8,413.68680875190006,2019.0,13902.706213512534,18.132363197090925
Unknown,,182.7829502243368,,19646.37802490483,16.36398769201558
Nissan,Model_10,216.7450236184979,2021.0,20154.67843593326,30.863606467866088
Ford,Model_18,381.9453464087296,2022.0,22320.99407808455,27.75827564170365
Unknown,,152.1648546203424,,26351.96496851553,11.648030667699754
Unknown,,108.72814696497755,,24278.118483728333,13.330432112038212
Unknown,,191.19790072147984,,19766.129800317653,16.387856392801815
Tesla,Model_19,232.2429905294665,2020.0,31373.87696414204,15.341118859131893
Nissan,Model_20,160.5414306151214,2021.0,24138.19046838657,26.552524612485296
Unknown,,72.28746132141804,,16298.827618092777,11.758094996363903
Mazda,Model_18,231.67003805438145,2022.0,36423.53855004918,12.852885759581568
Unknown,,112.3774247184245,,20580.68698405914,16.16060823505125
Hyundai,Model_10,127.57629077268167,2022.0,54426.26903462368,15.787726359804516
Tesla,Model_16,346.8758746577982,2022.0,19641.61000812268,29.38630365481489
Unknown,,81.3511396167477,,22467.918528221235,15.33716968140067
Hyundai,Model_10,209.63110468401769,2021.0,31494.410678261105,14.937382229502132
Chevrolet,Model_7,156.37896758754792,2020.0,41026.4652170127,16.41299964451846
Toyota,Model_3,421.7932988695397,2020.0,39537.01171171674,17.833082115040813
Hyundai,Model_20,415.9045393726,2021.0,54273.942009689,24.509053814580863
Unknown,,131.317053188543,,18339.611311356883,11.32589268275317
Toyota,Model_19,439.6151402813482,2019.0,51871.666220020335,12.92582414942689
Toyota,Model_7,285.38990626464886,2021.0,45546.91726017583,18.15217743900994
Unknown,,153.07861503434745,,16858.90999526778,11.703839122296651
Chevrolet,Model_20,356.00818521449264,2022.0,34260.79242548291,11.656061692336277
Hyundai,Model_16,169.1138056439537,2019.0,45618.2061168918,17.48906023295926
Unknown,,72.23367894234869,,24330.32455306386,14.70964857853639
Unknown,,149.46123142895016,,19900.07977480129,10.444329237666006
Kia,Model_19,446.5312987958567,2018.0,24007.789624430607,24.08894304264032
Unknown,,166.07358094595952,,15540.0769003191,18.095514009166852
Hyundai,Model_6,68.62853960257335,2022.0,48296.42606034324,25.812538743857456
Unknown,,144.4820816521096,,24308.328627465784,19.61013220985451
Unknown,,170.53703456966284,,19147.574188403225,10.51715307989506
Unknown,,56.21729812221722,,23180.99599585232,11.767421671270144
Unknown,,96.1070172093073,,26681.895267353422,17.566530881698156
Ford,Model_2,379.1910311633741,2021.0,43563.22377285699,15.064106309214957
Unknown,,105.23965260708424,,21065.28498108007,11.760723341023702
Unknown,,170.90349026044046,,28107.630695245567,18.392745881320568
Unknown,,186.97261770519412,,28065.702241917177,16.275776515346976
Kia,Model_1,194.59648617366184,2021.0,53544.71011913876,27.55501198909265
Tesla,Model_6,170.77674808044742,2019.0,26202.78632980456,24.972153840204854
Unknown,,146.47377058761154,,21793.769227383316,16.402325729870537
Unknown,,90.43839924985107,,19117.43657122751,18.7209222669552
Toyota,Model_14,400.6485881688287,2022.0,60081.91129407558,27.435630438537515
Toyota,Model_16,531.7858633048489,2019.0,26450.4712336866,22.49535036392065
Honda,Model_11,491.0559328170283,2021.0,23476.223520607797,21.19276737391221
Unknown,,139.11589783996092,,23784.575391043592,13.505162753393067
Unknown,,118.6183450141921,,16944.117237401773,16.21453440453126
Chevrolet,Model_16,239.67607260711347,2020.0,18966.81234234904,24.44547658138848
Chevrolet,Model_5,219.29389084771216,2020.0,39392.07816056187,26.84288144419556
Unknown,,86.44776808228855,,26518.78328087985,13.850616481600476
Nissan,Model_17,278.4603209072242,2021.0,20051.892969394063,16.095230697717348
Mazda,Model_3,419.6188039230924,2019.0,38204.26937651627,22.680028691495988
Unknown,,138.03045845996706,,18434.937489235053,18.56852422251971
Ford,Model_5,431.42537390808894,2021.0,53352.4433917025,25.284746672934027
Unknown,,73.37620939132862,,26694.720552120645,13.34317932009213
Unknown,,56.77773031498759,,20171.99865098246,12.406659840898786
Mazda,Model_17,247.72361574735092,2018.0,23041.2656235992,25.86953468352536
Tesla,Model_4,139.97478000009525,2020.0,60114.68006209288,18.63636531880288
Kia,Model_8,54.35538269376079,2019.0,52400.08518595228,12.764494305326808
Hyundai,Model_20,372.3901100330567,2019.0,29602.917492716053,13.860921249261276
Ford,Model_12,258.2098299686456,2020.0,52448.98725044806,12.64686358308186
Unknown,,69.97531813048607,,25386.87055143547,12.118970570589823
Unknown,,75.16463424276749,,19200.30443302201,14.477386718303896
Unknown,,95.34779559171255,,31374.780079278305,14.847082937573903
Unknown,,67.39245209411628,,25683.996869090493,10.803962099217422
Unknown,,71.46493934188962,,23226.77305668017,9.827250184023953
Unknown,,205.2928752402449,,14207.122816330604,19.94764577728953
Unknown,,130.39285511041615,,20145.78674647801,17.62696956183518
BMW,Model_15,405.9687076009401,2022.0,21064.06252190196,13.655584967877408
Mazda,Model_9,289.82144629765577,2019.0,51882.389462311214,21.76255082426736
Unknown,,82.97491488415227,,25155.67609107568,18.726546088203044
Unknown,,146.73696418076298,,20603.75321502365,10.20211783256661
Unknown,,127.2003749797493,,21549.591101680853,21.31578086983797
Chevrolet,Model_10,478.2544043860671,2019.0,17852.12781015576,17.207081809990125
Tesla,Model_10,314.226762257764,2021.0,46058.00860846986,22.52192390108672
Unknown,,155.1385187798357,,27161.42915144857,13.16487564499615
Unknown,,84.84146203675392,,22240.34805049118,16.71130633038275
Kia,Model_8,179.167885550608,2020.0,32417.28115033053,23.52073286973857
Chevrolet,Model_10,244.4865553318956,2022.0,38723.794675500976,14.014491151641996
Unknown,,108.842257579416,,20443.928906422447,13.939097982212516
Tesla,Model_18,477.24824733329353,2022.0,57824.85127717912,20.79560988057618
Hyundai,Model_6,255.22760622375665,2018.0,41182.9171061782,25.55468505934584
Ford,Model_11,237.5847964636048,2021.0,28335.91788347513,10.566948113777828
Unknown,,68.02846603481923,,29909.584505079307,14.172536892016137
Unknown,,188.00856680049571,,15346.581234081215,14.832190352296315
Unknown,,200.5959949554966,,19587.226341088644,13.13654620349694
Nissan,Model_2,248.51062378768185,2020.0,43402.91923146767,24.82015283599484
Unknown,,190.9727117454865,,17870.74945802668,10.133711043930049
Unknown,,187.27902440677283,,30959.30754737244,14.142060055867988
Unknown,,139.53128421866717,,23345.936770951143,17.28384034019997
Toyota,Model_9,370.3749778869762,2019.0,56929.038089323934,20.607317544842942
Hyundai,Model_10,486.376212430612,2021.0,52166.42299770582,22.055744920725157
Unknown,,157.76076157417407,,27790.1831535368,18.08177423562616
Unknown,,113.91015178795644,,22541.466226594337,17.380118497909542
Honda,Model_11,137.10257304316517,2018.0,47980.45478160623,29.61874771366004
Chevrolet,Model_7,68.75649409676988,2018.0,38582.25600704848,11.042572701949268
Ford,Model_18,105.20574128814512,2021.0,40175.09537122682,18.06819748157079
Chevrolet,Model_14,230.85349653257725,2021.0,50197.8141514415,13.196412236060084
Mazda,Model_8,434.7870662483376,2018.0,22835.877327761747,27.49562535199817
Nissan,Model_16,116.06003148277584,2022.0,20883.94104337253,16.33998009463736
Unknown,,86.82395079834353,,20917.813526449707,16.55381291363534
Unknown,,151.89722339932032,,20595.25469330156,17.952205233133796
Unknown,,58.56670099032516,,29231.504908939056,15.09728906498961
Unknown,,91.04317031612132,,15818.72789360194,21.11092987508413
Unknown,,190.60549119947348,,24054.28006020648,13.167015738669352
Unknown,,165.75687779388096,,19310.176738290174,18.52218401292692
Kia,Model_15,270.4876159905129,2021.0,20560.71827515279,16.274748964274337
Unknown,,175.57003871301362,,17333.096164806164,11.125840623991616
Unknown,,134.58163554829633,,21145.558644974957,18.2196447891886
Nissan,Model_2,196.42680651277337,2018.0,31587.744899921545,22.986280993278985
Unknown,,133.67374695182735,,21551.97188794946,14.68795858406766
Kia,Model_10,386.1355532322341,2021.0,46380.18293677617,24.974565450707008
Chevrolet,Model_3,225.46328928824485,2022.0,48898.585889284426,29.47765821400103
Unknown,,165.49716843770477,,17779.521284939983,19.835850501101326
BMW,Model_10,437.549801198901,2019.0,60041.65964879642,16.13793466705398
Unknown,,139.089906077411,,29789.046813392102,17.959670551239775
Hyundai,Model_15,350.6123731077128,2022.0,31285.775768997333,18.056227834033837
Honda,Model_20,248.40366674501408,2021.0,43435.99146680153,12.514436893625293
Unknown,,158.47479344956358,,20326.849854462784,15.902478436375002
Kia,Model_20,400.2159427715972,2021.0,18587.04253943488,12.623509724353514
Honda,Model_7,133.20631728378635,2019.0,26154.90299775459,9.32823752742991
Hyundai,Model_13,124.6529903127242,2018.0,20052.086367650747,19.47357371261487
Mazda,Model_4,388.3719243053346,2018.0,32629.897493671742,17.88636299122572
Unknown,,152.5378470621937,,25195.563741464743,11.768203087465055
Mazda,Model_16,68.8294834232191,2021.0,42834.63904903173,24.842528252492087
Ford,Model_10,174.62937727445308,2021.0,45818.84853285259,26.779568963124955
Chevrolet,Model_1,354.1867160622003,2020.0,30022.69945443277,27.28487949716805
Ford,Model_9,245.95685286423893,2019.0,41839.93835580487,15.68474391446578
Kia,Model_18,506.6006068222605,2018.0,32462.370194671174,19.33316333943464
Mazda,Model_20,397.9328411637533,2019.0,18998.14231415501,19.493160038801207
Hyundai,Model_4,214.51496928094585,2021.0,55495.33264537864,10.161214069373171
Hyundai,Model_18,351.52139028020696,2022.0,23244.823321133197,21.275811519508377
Unknown,,206.3341299515524,,15020.204929231411,17.808591189186675
Hyundai,Model_8,423.6284633406019,2021.0,56167.618682906,14.15989757559616
BMW,Model_18,59.05853355368959,2022.0,54878.37345747877,10.951325075363732
Tesla,Model_11,317.22412987142,2021.0,27490.457830794243,10.109901581106389
Hyundai,Model_6,363.88183841104166,2020.0,17998.225448490193,25.54957108430115
Unknown,,73.406281461628,,29660.40223908575,14.857583739963424
BMW,Model_16,392.42928693163617,2022.0,39095.65057926752,17.31174348748074
Unknown,,184.35178654524185,,17963.080905799423,13.302362447136565
Unknown,,85.77476770651336,,23145.67407535432,18.006987652090494
Ford,Model_7,90.93125139400506,2020.0,52802.81036720223,23.793485928532185
Hyundai,Model_12,530.0106705617447,2022.0,51398.3139793288,23.389772771247923
Hyundai,Model_9,538.115910046853,2020.0,27577.4225248123,11.877455001040769
Chevrolet,Model_11,254.35480565078475,2019.0,25478.85178199882,27.22023711873645
Hyundai,Model_11,65.47305453335522,2021.0,46574.65178071205,11.212208998921245
BMW,Model_12,147.78456956023274,2019.0,40688.3784548358,22.0743866850761
Nissan,Model_15,363.2677722828891,2019.0,36494.71991617401,15.115982762196442
Unknown,,151.57956927238533,,17933.211631420625,16.681308141003026
Unknown,,65.78468860362658,,26990.091665574488,16.48647619905042
Unknown,,106.05520270191752,,20610.117839228697,13.874300625712117
Hyundai,Model_19,148.2130789820199,2020.0,40101.50872738964,12.306690227955208
Tesla,Model_1,339.57304688372585,2018.0,37914.59527358922,25.61972663329208
Tesla,Model_5,306.39524566284246,2021.0,51524.25348132579,26.47848138921613
Toyota,Model_9,241.1622210295269,2020.0,26769.31993056836,10.134681685087887
Unknown,,143.77101413188737,,17865.75098214384,17.772124188632386
Unknown,,157.60152229207765,,18158.724904140257,10.664299652162812
Unknown,,66.85480800415753,,22246.79495509057,13.696568176233573
Tesla,Model_13,184.08579598519756,2021.0,53589.26733201993,30.659053443656
Hyundai,Model_10,90.6825601433238,2020.0,28624.274770193155,17.044312869372266
Hyundai,Model_15,47.32722978533656,2020.0,23906.902631107325,27.117358761393724
Chevrolet,Model_1,74.172897425536,2020.0,31855.40488121149,26.944366919125404
Tesla,Model_2,279.8467358583663,2019.0,25718.121709414383,15.235399050790887
Hyundai,Model_8,354.3002381819782,2020.0,26224.87988616336,28.541660195526696
Unknown,,78.17209817666684,,26658.483659476224,14.09087992009738
Mazda,Model_16,177.49888777796843,2020.0,34752.46657241717,20.54612803245584
Unknown,,165.6676516838076,,24412.29557671436,11.500277838135336
Unknown,,93.20311293730866,,16361.710144334307,10.257098615653534
Honda,Model_6,386.91554181374727,2020.0,33520.43940554987,25.93447651274792
Toyota,Model_20,157.5341672604898,2022.0,44760.75031920926,14.19816076508567
Chevrolet,Model_18,109.25611507988052,2019.0,30047.770496461428,16.453587339508456
Unknown,,142.04288628126912,,25484.329073420267,18.053831685303923
Honda,Model_8,327.04221228544594,2021.0,22021.49195008423,20.88457133405505
Hyundai,Model_16,527.5049551352411,2021.0,31660.58397721293,18.826529401201554
Unknown,,173.6463747477456,,30875.00150528333,12.62879279611725
Nissan,Model_8,168.00936798262393,2022.0,31881.466034982044,25.144930786524483
Kia,Model_10,285.18435531935853,2021.0,30043.0540232636,25.574072797867704
Hyundai,Model_20,431.6150488901336,2020.0,23976.9730704538,19.00968343087299
Unknown,,103.89148642396162,,26675.28213366222,10.977583608826324
Unknown,,85.7969318105318,,26659.24953964772,10.55854068980656
Hyundai,Model_16,506.2184011004621,2021.0,50774.32042657565,29.474689109716504
Kia,Model_13,529.817545007303,2022.0,17419.887192684688,13.771504717768067
Unknown,,46.54129346374651,,25256.186145095075,11.31978564546248
Unknown,,142.82666548043647,,20269.751657250374,16.266856382116295
Honda,Model_8,393.1197251081967,2019.0,15587.350497011774,18.650433425388574
Unknown,,207.880518827296,,18514.6465375932,15.973786816845424
Nissan,Model_10,220.69606592695496,2021.0,20495.52501284111,28.88721059632756
Ford,Model_18,417.043810139455,2022.0,22380.540479653235,32.87626540369524
Unknown,,154.05381703142356,,25767.2010452032,11.82997296847669
Unknown,,114.66944826593172,,24167.014769256708,14.670984494757354
Unknown,,164.2525358259271,,20133.4681001091,17.399486246148758
Tesla,Model_19,261.1791401392634,2020.0,32441.95917478421,16.126407982864645
Nissan,Model_20,161.27986068918108,2021.0,23135.644290302615,26.475021096671814
Unknown,,68.03604943215598,,16877.846833846506,12.48883994359648
Mazda,Model_18,245.01603621210052,2022.0,37111.79067749521,12.826992241790997
Unknown,,98.15787893179296,,19491.123381917507,16.488613357768436
Hyundai,Model_10,129.25090464574689,2022.0,50091.17462198583,14.928784595110312
Tesla,Model_16,360.64597530207976,2022.0,22132.984399835183,26.20585569671707
Unknown,,79.63611551037464,,22001.063972870536,16.88597917535488
Hyundai,Model_10,229.7590935895608,2021.0,34191.16623893448,15.138689150670448
Chevrolet,Model_7,164.40823589796642,2020.0,43718.0336029528,16.09251294769905
Toyota,Model_3,361.7842868712839,2020.0,36671.46716115178,16.789424660137637
Hyundai,Model_20,378.4471094652108,2021.0,54773.66064879888,21.99993707133008
Unknown,,133.0543826972475,,17902.831588871337,10.150352023989733
Toyota,Model_19,480.3691140211445,2019.0,50074.68094559024,11.564117694625734
Toyota,Model_7,250.24903277012967,2021.0,49655.77200730128,18.286154799783244
Unknown,,147.69749432763118,,15813.68994120409,10.382316965294187
Chevrolet,Model_20,417.3412545728603,2022.0,36257.81831226535,11.959417260022173
Hyundai,Model_16,150.4818284544266,2019.0,50750.30630414384,19.317984124471323
Unknown,,74.307415618304,,28093.062511187385,13.979785002092758
Unknown,,176.635130058792,,19803.341754746554,9.821515186605357
Kia,Model_19,467.6205895401536,2018.0,24861.406947178904,20.9273695496194
Unknown,,148.820921539263,,16912.862148225962,18.42529810885677
Hyundai,Model_6,66.66897540495246,2022.0,54877.79127544886,27.9128682593209
Unknown,,143.67640021817311,,21568.374794988013,18.13845471101718
Unknown,,147.8686833446923,,21293.261972304987,9.938120553584431
Unknown,,54.020336353888105,,20500.921547291724,12.969984975979466
Unknown,,93.68554175032298,,26677.61400629924,15.610171286409283
Ford,Model_2,405.9656996728877,2021.0,36226.84412664244,15.949338548052785
Unknown,,110.76189726086614,,21073.166646516223,12.829004095545825
Unknown,,198.8506324480785,,31625.98219445494,19.30125180847229
Unknown,,194.28477528745248,,28990.17837092793,17.9410955231723
Kia,Model_1,196.6906192640068,2021.0,52605.576028156815,27.17534776204214
Tesla,Model_6,175.918854051263,2019.0,26368.806825437805,23.24076014182029
Unknown,,143.86352611106966,,23891.87649410475,16.607407121123895
Unknown,,99.14705801204722,,19583.830783779264,18.602723174539904
Toyota,Model_14,375.7289304816589,2022.0,63902.89325879517,25.790695587635472
Toyota,Model_16,482.7542861289775,2019.0,23706.482963205275,24.68387925874916
Honda,Model_11,470.7295968775214,2021.0,20775.56501071756,23.482498856586407
Unknown,,137.4764696508535,,28194.392704466296,15.213035326078266
Unknown,,101.42513829252718,,16962.66003180187,13.99846869590415
Chevrolet,Model_16,274.0897190073679,2020.0,18467.93589455212,22.452874012710332
Chevrolet,Model_5,208.98550237653131,2020.0,37846.87888735625,24.4204259104727
Unknown,,98.22941243138776,,24055.56240647074,15.05139057550013
Nissan,Model_17,252.20575389401813,2021.0,18453.266845769485,15.559448405132752
Mazda,Model_3,472.5821739188023,2019.0,39938.89109633047,23.213646511581658
Unknown,,120.57095044162168,,18689.676638912348,21.31569995406577
Ford,Model_5,438.2940141065242,2021.0,49970.42622037409,27.71615274004276
Unknown,,74.39942155739962,,26881.258965593053,13.876799200842443
Unknown,,48.79791678979373,,22449.300733108492,11.188027269744325
Mazda,Model_17,238.33687791941088,2018.0,25754.81465891111,25.061318064935996
Tesla,Model_4,148.95298906102653,2020.0,54691.01400725267,17.14971413918984
Kia,Model_8,54.35639073686484,2019.0,53438.93268509823,12.118512817575706
Hyundai,Model_20,366.47881093033874,2019.0,31459.31948322712,14.251580023636508
Ford,Model_12,250.16598182507607,2020.0,52416.79245656575,11.894662388297206
Unknown,,70.69147496896115,,22507.711344808995,13.689445760754488
Unknown,,72.68638378247171,,18590.61275200556,14.37000324296572
Unknown,,188.20265557033292,,15452.808035472226,17.32358037810074
Unknown,,173.0475491649804,,19893.271156640527,10.830858759268011
Hyundai,Model_16,143.46484697464143,2020.0,46718.90874115149,18.59738767187467
Unknown,,53.56834615534387,,23157.63049970461,11.753329268070502
Unknown,,207.124443314723,,14645.323830713953,19.147919930388763
Unknown,,100.30012191156979,,21924.67798570146,11.496092873229255
Unknown,,149.1405205501666,,18696.189921460536,17.74919162726247
Unknown,,63.19229971348587,,21378.926285601643,14.26422008078291
Hyundai,Model_6,65.95525518518612,2020.0,49483.39830218919,28.585035184682006
Unknown,,187.39290172080572,,27889.157935444033,14.202126092988763
Ford,Model_5,370.2254720068653,2020.0,53547.4374953538,29.583256257111568
Unknown,,54.741145787754306,,27192.326145984207,12.925600521998085
Kia,Model_8,156.2901350732552,2018.0,36156.94514762214,26.498377138252092
Unknown,,74.70118307158533,,26898.566028252735,12.255108046098739
Chevrolet,Model_10,246.92812036407523,2022.0,39468.00008935644,14.19159683048509
Chevrolet,Model_1,71.83934818346894,2019.0,31895.726418563503,26.28676113693507
Mazda,Model_20,482.1875389478601,2019.0,17622.13315765924,18.303122977318658
Ford,Model_12,244.5083542215731,2018.0,60081.80107646437,12.19922537758504
Unknown,,185.09779944904383,,15583.779926602097,20.485767780731532
Hyundai,Model_6,249.21642573677235,2019.0,40623.00064656967,23.19325802708289
Toyota,Model_7,233.21192431427994,2022.0,44512.539511191055,17.58738070251313
Unknown,,146.8964088109759,,25219.924123646295,17.254629694865397
Tesla,Model_18,472.8480046071078,2020.0,56183.4753233107,25.444462016215308
Unknown,,137.1503062680401,,19835.421328519085,9.322674843987052
Unknown,,51.57300751393094,,19858.259896797423,13.127333018873761
Unknown,,171.88448612664584,,19601.401100014453,9.532562197333997
Ford,Model_10,162.31153785698532,2021.0,53358.93854706399,22.83675306847356
Toyota,Model_7,267.1209682840374,2019.0,46164.28704594448,16.933376258614008
Unknown,,167.67008534085065,,18237.03577713318,11.559290063139228
Unknown,,160.6914490833884,,18179.493954075286,8.970522166727353
Unknown,,101.9915257495136,,30878.77050659146,9.306080655844791
BMW,Model_15,401.56077631340463,2022.0,18833.282502282975,13.193435415620023
Hyundai,Model_20,394.80056821158814,2018.0,25272.71998886182,17.550704936577038
Tesla,Model_11,296.2399376392997,2022.0,27752.769593825433,10.288155622571582
Ford,Model_18,355.89220158567423,2023.0,21534.364714863827,27.602370860682306
Unknown,,167.13999664499397,,30660.293895769417,13.706504446416094
Unknown,,195.81523111928055,,19143.91192598299,16.269128587749304
Unknown,,141.37028018761063,,20657.966239427693,9.584287780556805
Honda,Model_11,451.4557629337918,2020.0,22967.889704399204,21.70610423555796
Hyundai,Model_20,390.1247305101416,2021.0,57411.502578185115,23.50771494231449
Ford,Model_9,242.7663434387806,2019.0,40176.41615735753,16.281647366484332
Unknown,,141.890343188911,,18584.175620414626,17.0834647331001
Tesla,Model_1,339.8757912658363,2017.0,40461.14339199732,23.101859455947412
Hyundai,Model_4,213.90531880781108,2022.0,56392.04028514778,10.364060839736089
Chevrolet,Model_5,195.82129638170514,2020.0,37528.80989505583,27.452301193941544
BMW,Model_18,62.52548767602473,2022.0,56667.022662934396,10.529989396525313
Ford,Model_18,442.81604577181685,2022.0,22104.344096878922,30.206939195470333
Ford,Model_9,229.9999918342033,2017.0,43962.08101410323,15.529287295172583
Unknown,,113.33146017760092,,20636.43465859139,16.539008710330464
Unknown,,125.19980063859714,,28211.61298087958,13.79268141219787
Hyundai,Model_20,436.97975208164047,2018.0,23141.099231947454,17.764056980951512
Ford,Model_10,169.7467485765425,2020.0,45115.549473555875,24.376670913341002
Unknown,,179.69222033122392,,20383.755499040475,13.186782711358886
Unknown,,181.68732392703123,,18130.373587755366,10.375016385510072
Hyundai,Model_9,513.06983644542,2018.0,27810.670312571176,11.923691517158707
Unknown,,99.53105448126992,,15794.746733554088,10.53376884543355
Kia,Model_13,464.2798539771084,2020.0,16300.79310057321,13.027170589850954
Unknown,,138.5215968149148,,17690.86343864207,10.206685491629333
Chevrolet,Model_1,77.20759129871985,2020.0,29999.362782713513,28.50248118168754
BMW,Model_18,55.59069401383201,2022.0,49137.187483509595,10.4034065967393
Unknown,,161.76768344344205,,18974.273806454272,10.382379686182167
Unknown,,97.57192697350742,,28169.913299673794,10.356508537040288
Kia,Model_18,519.1532684831074,2016.0,35029.09649580728,18.897342464967508
Chevrolet,Model_10,250.68550954192037,2020.0,40324.67696888811,14.346009554834849
Unknown,,50.93681690645347,,22290.840709516277,11.240996715305661
Kia,Model_10,277.24843727200147,2019.0,30376.055119287226,24.16367275303809
Chevrolet,Model_18,104.83333955679305,2020.0,30222.513022745472,16.72321960761508
Toyota,Model_19,418.21223510643875,2020.0,52407.27321292985,12.100260863908948
Unknown,,186.201479736463,,19755.299055813382,8.907473470746176
Nissan,Model_17,293.94491357993184,2020.0,20704.31235714614,15.847878574100356
Unknown,,67.20923465893256,,26680.75643914488,16.437899328967344
Hyundai,Model_20,395.1044789617761,2017.0,28436.078574289895,14.044654006230543
Hyundai,Model_9,585.83503815027,2019.0,26630.90014052081,11.40570069475294
Hyundai,Model_11,70.96218104726536,2022.0,37407.77823763887,11.32259518211853
Unknown,,183.79213369827812,,28984.74470435917,18.763698362628503
Hyundai,Model_13,122.24671184584047,2017.0,18596.282250985747,18.42667990656162
BMW,Model_16,378.82696189399513,2023.0,40127.90073673784,17.803054821720256
Nissan,Model_17,256.0673333244745,2020.0,19693.155667069863,14.874850818039935
Unknown,,121.38685213501466,,21082.075448700463,18.77949271145581
Honda,Model_8,312.9217928056912,2022.0,21112.54550195062,19.176955407445693
Hyundai,Model_18,338.7021314698877,2023.0,23447.29312826397,21.360858406891886
Honda,Model_8,398.86056734828554,2019.0,15753.868894876607,17.598498226680835
Toyota,Model_3,431.1425830895355,2019.0,41064.97731174198,18.56354987332503
Unknown,,168.54900173430917,,24313.150950489824,11.197483821146848
Unknown,,185.26523579883667,,31749.299152477255,19.622083966821886
Ford,Model_7,82.96501483178756,2020.0,50521.58006936305,22.967873202938655
Unknown,,209.0129430252849,,28326.39794900724,19.032313937088276
Unknown,,193.81972737160916,,31985.319678564916,20.180956937359344
Unknown,,66.57607940458924,,25194.953414161097,10.746078298834618
Chevrolet,Model_5,206.2620829671586,2018.0,40604.36325846327,29.24260963510658
Unknown,,155.90110634052022,,23067.250445619964,15.303640472813283
Chevrolet,Model_5,220.71651690090113,2018.0,40008.13351099769,28.87092012332857
Mazda,Model_18,247.76837357686205,2021.0,37395.504281298534,13.436877716605089
BMW,Model_12,139.59727264090424,2019.0,41939.225357102216,22.28306177078754
Hyundai,Model_10,120.32847747706066,2020.0,50589.59404615839,16.08968780238834
Hyundai,Model_16,418.26446034081926,2019.0,45794.495004714365,22.36769505687575
Chevrolet,Model_3,240.99962992771944,2023.0,58639.58969936049,31.029413012407954
Unknown,,101.00713287959663,,18488.209921932124,17.00293205893535
Hyundai,Model_19,152.0857259309145,2019.0,40562.23910404689,12.671720728667694
Honda,Model_8,425.021377485687,2019.0,13237.49246910056,17.447172589010762
BMW,Model_12,144.4117485715066,2019.0,34219.20639551095,21.53032018915848
Tesla,Model_6,160.61664992930326,2020.0,26033.196182293756,25.110459759214717
Unknown,,154.95469418479004,,18652.476030523063,9.67357672825154
Toyota,Model_19,447.1212180126487,2020.0,52856.044271673985,11.792711474344028
Unknown,,89.38443204305885,,31047.0383847996,8.605297424384169
Unknown,,152.34616021897943,,20985.742310792324,17.044628344991157
Unknown,,180.38485626602474,,19801.397179273485,19.192100213088665
Toyota,Model_7,259.7005564760251,2020.0,45617.84254948038,18.50318695566724
BMW,Model_10,422.3483162949956,2017.0,62614.73071549648,17.635089564854272
Unknown,,121.03614332735806,,26620.678678955675,12.828386610548836
Tesla,Model_16,383.9732536534094,2020.0,23206.801078850236,26.826048277277387
Unknown,,68.30436044558856,,28513.776984906883,15.048963026175684
Unknown,,150.96744729792576,,19573.792812358733,16.501463887093767
Unknown,,147.79021689162244,,16751.7791795925,18.524398091994122
Nissan,Model_15,318.07516178447923,2018.0,39696.983322050815,14.087287392853382
Toyota,Model_20,142.53690057143666,2023.0,52251.51569207746,11.129638509847728
Chevrolet,Model_16,260.0928250825143,2020.0,20790.928874537258,21.602411458391845
Unknown,,175.6342504260384,,18137.066167112742,16.635157432265963
Unknown,,143.10457153006388,,30223.037534334264,17.167270477287055
Unknown,,166.3808120430535,,19975.51482001082,8.959310281942567
Nissan,Model_15,385.5694207405528,2019.0,39313.87973524139,15.895061320331068
Unknown,,184.97002766570154,,18685.699913903565,10.662517147158765
BMW,Model_10,426.28695669018634,2020.0,57469.09207353589,17.272684806537136
Unknown,,152.44438267541045,,20971.288854836916,9.15490353690571
Unknown,,150.08445464576295,,20141.279012132327,17.866756463800755
Mazda,Model_16,64.40550315945269,2019.0,43659.33570595605,26.591280312336114
Unknown,,67.74959153423568,,26702.819718768653,14.260795686426334
Unknown,,131.12707819268644,,24600.97047283971,16.82186312021806
Honda,Model_8,406.4400792269205,2018.0,16113.362456885825,15.650166738977079
Hyundai,Model_20,362.320557413927,2019.0,56357.52733189991,23.638351725240643
Hyundai,Model_16,417.62759118189666,2021.0,44021.42337423852,22.26887558048812
Honda,Model_7,132.57132692336978,2020.0,30329.78803558553,8.837011486245872
Unknown,,129.5488600922005,,22839.464375459534,13.54396294044593
Mazda,Model_17,267.3432360168494,2016.0,23884.32523801565,24.92330409708242
Unknown,,129.31591097712626,,28281.60413461477,21.415634035524278
Unknown,,94.31591957430757,,19350.649198213472,19.705771687605832
Chevrolet,Model_5,212.35923995042606,2019.0,40815.38225957873,28.84606307970158
Unknown,,153.7922296452304,,27513.512772910988,10.855037636023312
Unknown,,179.2960034755703,,19288.98036629054,11.418295161706096
Hyundai,Model_10,94.85469260656564,2019.0,28689.123463934044,17.67220286312036
Unknown,,162.37693686388667,,22343.88916619288,9.991389804299835
Unknown,,66.7485586048895,,27056.595837621153,15.335211091550365
Kia,Model_13,496.0638921340911,2020.0,17031.067575865698,14.144771590614937
Nissan,Model_2,214.0068160170472,2017.0,31596.1007654737,22.61356505356186
Unknown,,192.88255903593083,,16176.053420099617,19.15893688595907
Unknown,,127.93246962993497,,29024.744172112318,16.699520987585178
Nissan,Model_8,176.05762504399902,2021.0,35664.08923954339,29.815890241722876
Hyundai,Model_10,458.3107922810633,2019.0,51940.28692939871,24.04231002546795
Tesla,Model_16,315.22551998171656,2023.0,22339.104886500358,25.922564444376174
Tesla,Model_11,348.58782280253064,2022.0,28652.208085612852,9.318617570254338
Hyundai,Model_18,387.2660857168263,2020.0,25802.42964406518,23.570624044621137
Chevrolet,Model_18,94.73761996311231,2020.0,32847.106790067635,17.340349354503495
Mazda,Model_20,429.2164387874667,2017.0,20960.22157889434,18.767034147133582
Ford,Model_7,81.93141841220114,2019.0,54028.12559541209,25.356266501975195
Toyota,Model_20,141.20249873478082,2022.0,45788.67928366287,13.39184781418442
Nissan,Model_10,240.71858953223565,2020.0,19895.37303952669,27.15551458880873
Hyundai,Model_6,309.33449774943784,2021.0,15786.03336448855,32.12185391178253
Tesla,Model_11,288.0271358889488,2021.0,26197.190940749853,9.582454357432317
Unknown,,72.13848867289529,,22791.226039675257,9.450916423375638
Nissan,Model_17,256.139287085901,2022.0,19906.236513717176,14.519088344507443
Unknown,,60.7819187739457,,27532.434684870866,17.395816360893477
Unknown,,224.80472237536327,,14373.264392872867,16.666992735322705
Unknown,,79.89194464552286,,22474.020841298418,18.56987499555405
Ford,Model_9,266.6724383870001,2020.0,42040.550707344264,16.17773507277838
Unknown,,70.82521248504973,,28402.171433616742,15.748214864020733
Unknown,,138.49329553103215,,24470.539962208575,18.27741977418332
Unknown,,74.57171678819455,,18552.723037276028,14.370296048679664
Toyota,Model_20,150.69037020150768,2022.0,46118.374185437606,13.270185255089608
Unknown,,164.5804714217229,,18614.969725224822,16.909669562955525
Hyundai,Model_18,381.0313430527257,2020.0,23336.040562550133,19.517122473561304
BMW,Model_12,126.23616483637318,2017.0,34139.38287468776,21.789293213523912
Mazda,Model_4,336.2001448596471,2018.0,32639.938029542267,19.063226010047522
Unknown,,181.26717872824702,,16049.14841261615,17.009788538767623
Unknown,,64.2926974405217,,16105.240401734738,10.512074943734943
Unknown,,131.0421019697117,,16386.06646536385,19.40327827727681
Hyundai,Model_6,269.36414041759514,2016.0,42612.90964552475,23.502527147914467
Tesla,Model_13,195.50294082880632,2020.0,55579.96273275557,25.27130388985033
Mazda,Model_9,302.2284198383823,2018.0,47111.84700003719,20.942182044191725
Hyundai,Model_13,118.22630697077938,2019.0,18646.56899481828,19.693320693236128
Unknown,,138.925534758513,,20112.984125088213,10.648102085788627
Chevrolet,Model_16,299.82060324437543,2018.0,17589.03185794659,23.951679548468544
Ford,Model_10,141.4872635430725,2021.0,51143.22948458771,27.475639370663117
Unknown,,108.3169519291408,,21931.762738852285,11.98291321179202
Unknown,,87.32151934075488,,15039.345694377815,23.202049161867073
Chevrolet,Model_16,252.0358894290581,2021.0,18036.540692100516,22.003388020009442
Unknown,,79.11852015082647,,25491.95051659712,10.835347865265506
Unknown,,70.91818071893005,,22065.83902558008,17.055911668475744
Tesla,Model_1,407.1142367158077,2018.0,37400.36905079958,24.203144962727702
Unknown,,205.6743189012148,,15154.50578195469,16.271352974017287
BMW,Model_16,378.07355414511375,2020.0,41925.02526128472,16.508032522611433
Hyundai,Model_4,251.91106266590208,2020.0,61468.43012968304,10.062695047563373
Chevrolet,Model_1,355.00619258925923,2021.0,29064.787609639407,28.735631476705702
Unknown,,107.0565552444387,,19082.269877061302,14.613598559952594
Unknown,,184.62146281279993,,21286.797433816857,18.100158263448193
Ford,Model_10,154.41532123830407,2022.0,49753.186190870205,27.058563514946254
Chevrolet,Model_16,279.66099820126226,2019.0,19301.277788732474,24.643787918836676
Honda,Model_7,120.02265694895834,2018.0,25453.718564287363,8.720362131024004
Mazda,Model_17,244.05853933385922,2016.0,23904.32102016323,26.179408646961964
Unknown,,139.59550633743368,,25222.33213846926,15.428417608411394
Nissan,Model_8,190.343707609373,2022.0,36191.628920522555,30.501425861096696
Hyundai,Model_20,330.5234597440763,2017.0,29114.732058665322,15.206260856755938
Unknown,,62.444307061499764,,23170.554526614753,11.318313335175736
Ford,Model_11,216.32232437251025,2020.0,29000.373818890304,11.451501548573146
Unknown,,161.06565452424707,,25039.574022803477,9.442610074071217
Ford,Model_7,79.44582774219754,2021.0,50460.483639199774,24.728694465944816
Unknown,,103.59161333549258,,17766.356143668523,17.73025605940674
Hyundai,Model_6,225.32695643482137,2018.0,40151.2191309542,21.520797249699214
Unknown,,66.3749605184778,,23551.87797716531,15.197644801403575
Tesla,Model_16,344.42328681735273,2021.0,22341.43171083942,25.68278983317584
Unknown,,71.44914940958498,,21104.70753945094,17.331356799568645
Hyundai,Model_20,351.90015095034,2020.0,29530.36575141421,13.917204052318946
Tesla,Model_6,192.78238324878737,2019.0,27248.73541981326,26.07510215512567
Mazda,Model_16,175.75553892606655,2020.0,36156.99617125548,18.740720076384303
Chevrolet,Model_1,71.15612050758855,2019.0,26677.82927667702,27.891789335099233
Tesla,Model_1,415.33651381252486,2016.0,37538.65635949003,25.041922464281242
Unknown,,89.00392474292303,,21249.989058120256,12.444473939163913
Tesla,Model_13,167.5239284148908,2020.0,55046.228203752944,31.51075751564516
Kia,Model_18,483.1217832330477,2018.0,35150.996853662844,18.642649199767813
Unknown,,192.49924415795746,,31495.994888248923,12.848547679441626
Chevrolet,Model_14,244.16064423391154,2019.0,49785.91958668149,12.66238456016501
Unknown,,206.59094419052016,,19009.47774773629,14.939064059103465
Unknown,,191.10658993698686,,18700.82545587263,14.340610688462384
Unknown,,191.28352881014817,,16064.681307018358,13.82836615290841
Toyota,Model_16,506.0437070467103,2018.0,24762.2500441195,24.02472324691596
Unknown,,73.05122982641412,,21522.848872607094,14.180393848882963
Unknown,,136.06477012803808,,21272.263499329,16.91303499496944
Hyundai,Model_10,432.0930789298231,2021.0,57090.53877245719,19.86841706137724
Ford,Model_12,237.00494367046073,2019.0,54004.23871981711,12.672668379568643
Unknown,,74.34386985550758,,26699.892560318593,12.66191439116269
Unknown,,139.54235647739307,,23373.819907394107,20.829931750615355
Ford,Model_10,170.45130029195138,2021.0,53535.12570662549,23.88516541677302
Unknown,,132.48189119917728,,21522.469585745,18.89973594763244
Mazda,Model_18,255.27535699493234,2020.0,39749.892732549626,13.003725990978078
Unknown,,109.57035598799409,,26933.42558770985,11.20214949790266
Unknown,,59.251845976953,,25811.692412345037,16.717913995941963
Unknown,,192.5247178604829,,20473.25317011893,16.955189025891215
Unknown,,176.76675751307548,,28957.676355432635,17.580121602547518
Hyundai,Model_16,469.269914059582,2021.0,33640.724783712765,17.700557955850897
BMW,Model_12,134.5422780480022,2019.0,36440.82896497488,23.900523472297223
Unknown,,61.124445921307135,,20083.348050419427,12.392355223272986
Unknown,,108.07404354371317,,25897.564869177593,16.526163492326717
Unknown,,172.3882749043458,,26901.353128873776,19.607981935015076
Unknown,,148.23186744375326,,20435.616287554294,9.366357765174392
Kia,Model_19,441.9096823474254,2017.0,22574.880957093876,20.039778923027693
Toyota,Model_7,264.4655134993677,2020.0,47945.67001845046,18.34787389052729
Unknown,,213.22198505285672,,14349.6184478211,16.282338452716292
Toyota,Model_9,221.61568124928985,2019.0,23992.049139331408,8.940803509642082
Unknown,,69.67724694420932,,31348.859507742873,13.04206525907437
Unknown,,88.55043562589938,,25481.43615700031,16.968651052383247
Chevrolet,Model_16,258.57981565233104,2021.0,20510.153630697852,21.285511769610856
Tesla,Model_2,228.58967065047398,2019.0,22530.529721035688,14.263460595615003
Toyota,Model_20,154.2655878705807,2023.0,49556.35780314854,12.872491924724292
Hyundai,Model_11,69.68164655353948,2020.0,44294.656396559185,11.688335774883695
Unknown,,194.04054299558166,,18674.226920605794,12.716374296994632
Unknown,,101.74180632507951,,29174.722030751764,10.192279630700197
Kia,Model_10,448.67185830919345,2021.0,40614.82150417271,23.0232430359649
Nissan,Model_8,167.7483319977573,2022.0,33138.82903359014,25.316537009507368
Hyundai,Model_9,483.04984806196165,2019.0,25828.771188430128,11.279800315873908
Unknown,,73.27828379212748,,27014.411868868847,14.50009046839434
Unknown,,91.01154257734332,,16432.15857815103,21.059553158925976
Chevrolet,Model_3,247.1320685792338,2021.0,47478.275937870574,30.69836230837283
Tesla,Model_19,269.24786641692543,2018.0,33749.556987513315,14.831226917133055
Unknown,,99.401165605113,,22201.438059768334,17.106715241571177
Hyundai,Model_10,89.4699857013392,2020.0,29977.620897310826,16.043009374434153
Unknown,,142.4310778295406,,17365.942662595473,18.15143226166377
Unknown,,126.59404770138701,,30020.543335810726,12.665152867221531
Unknown,,123.15342317867525,,20278.843219108698,17.939886924063963
Mazda,Model_18,217.8555805434355,2021.0,36060.40353033182,12.805951938305768
Kia,Model_20,419.3962065790249,2021.0,17773.54466286731,11.951491527813864
Unknown,,144.09330254622247,,19506.538385014614,17.411726619708666
Unknown,,184.28169706404728,,32013.193948971697,13.681622028075198
Kia,Model_1,191.62055920007757,2020.0,54385.137258021816,29.464698160948828
BMW,Model_16,347.61040875483593,2020.0,39303.98412643281,16.12233682745382
Unknown,,105.0699276483,,21759.779399963285,18.65130673448394
Hyundai,Model_10,136.61014156212235,2020.0,51988.0324389,16.79823322832085
Chevrolet,Model_1,399.019496742854,2018.0,29633.58761812763,30.4202301665693
Nissan,Model_17,241.10752497029858,2019.0,17842.700005830662,16.591411958522905
Honda,Model_11,487.98023020829595,2021.0,21196.03984969771,23.927876547042693
Unknown,,113.08625132446855,,19538.460901701634,16.4753887223725
Unknown,,97.85719100647313,,20665.391299516676,15.70299538010774
Mazda,Model_16,71.19080016716549,2020.0,42808.428848884825,23.624120924421955
Chevrolet,Model_20,438.2881899016767,2022.0,36448.58470202152,13.50523848664539
Ford,Model_11,222.0116432994432,2020.0,28762.63163742344,10.091786812820084
Chevrolet,Model_18,116.4031156713697,2017.0,30309.130534654734,17.107664378025056
Mazda,Model_20,423.35758804084554,2019.0,17845.1587972494,19.66959812191651
Hyundai,Model_4,218.43190186041167,2022.0,53840.285735093035,10.471841752699019
Unknown,,89.16258664128152,,27175.825120235557,11.506933276260932
Unknown,,75.44727101321435,,23904.087351565624,10.187409454438814
Kia,Model_10,271.3804624198522,2021.0,30901.78525655866,25.94795628837962
Unknown,,198.55836468361497,,17738.255302516565,13.820265205263517
Mazda,Model_3,477.1706582939498,2017.0,40263.712614937096,23.66437906921489
Unknown,,87.59595290852101,,18613.493314716063,19.201967528797496
Unknown,,60.123192462180214,,19727.24044487455,13.501107171503437
Unknown,,151.34446982582867,,20409.15813169289,9.74244183390617
Unknown,,128.05383325073007,,18056.01854326212,11.626168962440158
Tesla,Model_16,355.2644898619406,2023.0,21648.160581763677,27.30886482481095
Nissan,Model_10,207.86716109348788,2020.0,19633.82599631426,28.0238351672577
Unknown,,188.51156434276,,18163.261431213487,17.322480991069025
Tesla,Model_2,245.08539694014254,2017.0,22152.566985560545,14.719980166967543
Unknown,,150.91544828692764,,27961.11456235518,12.36116322155879
